d,gin,r1,r2,r3
2,30.53647687999728,61.6792512100028,97.31972100999883,138.30133842995565
3,31.263670060006916,75.43901109999751,161.78713362000053,277.62765590996423
4,31.61006956999699,89.50989017999746,274.98414715999843,653.0129583300004
5,32.31752138999582,99.96754286000396,478.16004140999667,1150.4623490799713
6,33.559881239998504,117.26106257000083,683.8394627000071,1953.4039355300047