r;triangleTestMean;triangleTestStd;triangleTrainMean;triangleTrainStd;nciTestMean;nciTestStd;nciTrainMean;nciTrainStd;proteinsTestMean;proteinsTestStd;proteinsTrainMean;proteinsTrainStd;ddTestMean;ddTestStd;ddTrainMean;ddTrainStd;redditTestMean;redditTestStd;redditTrainMean;redditTrainStd;imdbTestMean;imdbTestStd;imdbTrainMean;imdbTrainStd
1;94.46640332539877;4.667083251998435;98.7699755032857;1.098208323090967;65.04181842009227;4.073848643608806;66.84563835461935;1.5715631079721861;74.65572357177734;2.441844899998081;79.27061001459758;2.9293785131087553;70.15575607617696;2.4229072414426867;73.27102919419606;3.4965576008819013;77.13333010673524;3.0145950110652393;77.90949086348216;1.8202967199890996;71.73333326975504;2.9204257943794327;71.5407407283783;1.9229473282192877
2;90.9486170609792;5.130834784128261;97.99167573451996;0.46672384853733384;nan;nan;nan;nan;nan;nan;nan;nan;74.33648824691772;2.3646554977634255;79.81118877728781;3.2449232291619103;nan;nan;nan;nan;71.16666694482167;3.455269546817677;70.92592616875966;2.7448427700707567
4;nan;nan;nan;nan;nan;nan;nan;nan;nan;nan;nan;nan;nan;nan;nan;nan;nan;nan;nan;nan;72.16666718324026;3.117156709047963;72.23703682422638;1.5825876318379
5;nan;nan;nan;nan;nan;nan;nan;nan;76.19138558705649;3.285430999477981;78.92610450585683;1.6773507097964409;nan;nan;nan;nan;nan;nan;nan;nan;nan;nan;nan;nan
6;nan;nan;nan;nan;nan;nan;nan;nan;nan;nan;nan;nan;nan;nan;nan;nan;nan;nan;nan;nan;70.73333303133647;2.2793761789941382;71.55555645624796;2.2212338621182086
8;nan;nan;nan;nan;70.2236364285151;4.337310980647137;73.75699738661447;3.5822775118269377;nan;nan;nan;nan;nan;nan;nan;nan;nan;nan;nan;nan;69.96666689713797;4.502961425081345;71.66666666666667;2.946389639882312
