r;triangleTestMean;triangleTestStd;triangleTrainMean;triangleTrainStd;nciTestMean;nciTestStd;nciTrainMean;nciTrainStd;proteinsTestMean;proteinsTestStd;proteinsTrainMean;proteinsTrainStd;ddTestMean;ddTestStd;ddTrainMean;ddTrainStd;redditTestMean;redditTestStd;redditTrainMean;redditTrainStd;imdbTestMean;imdbTestStd;imdbTrainMean;imdbTrainStd
1;91.09354376792906;4.8063241121051075;97.28936433792114;2.303545117152815;65.80121258894603;3.4007159626995707;67.90111541748047;1.4740040412124553;74.56902345021567;3.3732246052409396;79.06843900680542;2.1798899480346625;70.55357376734416;3.6039170745731575;73.08738907178243;2.6603239733111064;73.34999779860179;3.909709674013355;73.37243497371674;2.3880560886058237;70.26666641235352;3.8349275230458155;70.16296307245891;1.0371958376780595
2;90.68511247634888;4.735410662807413;97.8292198975881;1.0158408877687501;nan;nan;nan;nan;nan;nan;nan;nan;72.89569775263469;2.627398736391065;78.50750545660654;2.450452189127425;nan;nan;nan;nan;70.1333334048589;3.2598570339928497;70.74814816315968;3.333201433424291
4;nan;nan;nan;nan;nan;nan;nan;nan;nan;nan;nan;nan;nan;nan;nan;nan;nan;nan;nan;nan;70.86666643619537;3.3999993988112625;71.41851802666982;2.004527415398443
5;nan;nan;nan;nan;nan;nan;nan;nan;75.57746112346649;6.028263640984215;78.21204364299774;3.9869322358006167;nan;nan;nan;nan;nan;nan;nan;nan;nan;nan;nan;nan
6;nan;nan;nan;nan;nan;nan;nan;nan;nan;nan;nan;nan;nan;nan;nan;nan;nan;nan;nan;nan;68.46666693687438;3.048496836029466;69.69259281953175;3.3565471743432234
8;nan;nan;nan;nan;70.8036365111669;3.213391263117556;74.39885079860687;2.504705743470859;nan;nan;nan;nan;nan;nan;nan;nan;nan;nan;nan;nan;69.86666679382324;4.430199748985659;70.62222262223561;3.376949486908128
