T;triangleTestMean;triangleTestStd;triangleTrainMean;triangleTrainStd;nciTestMean;nciTestStd;nciTrainMean;nciTrainStd;proteinsTestMean;proteinsTestStd;proteinsTrainMean;proteinsTrainStd;ddTestMean;ddTestStd;ddTrainMean;ddTrainStd;redditTestMean;redditTestStd;redditTrainMean;redditTrainStd;imdbTestMean;imdbTestStd;imdbTrainMean;imdbTrainStd
1;64.76284584980237;13.173400729321841;88.27937720329024;6.851060224664492;73.91727493917276;2.6064743047867767;76.71673175127667;1.1951201604302546;72.77268339768341;3.2759224530295263;76.49474657787644;3.5645157650666213;78.9410401274808;4.168050724296244;94.77987421383646;7.968222247328652;76.25;2.45203996704785;81.67901234567901;3.619179547980208;71.0;2.236067977499787;71.74074074074073;1.333619082320418
2;59.110671936758884;13.128971822182297;92.99970622796711;6.193232915827627;81.3138686131387;2.2214524983967547;88.30279363172124;3.0174282565291817;74.02750965250965;3.6497863190224766;86.0853866074732;10.797279209583039;78.34709546573954;4.392451349992994;96.82389937106919;4.857232428424696;80.5;1.449137674618943;94.9753086419753;3.0266055923047217;70.4;2.9051678092667914;78.98765432098766;6.530572468921358
3;56.93675889328064;11.139112033764107;98.04524089306697;1.6875658679224803;84.76885644768856;1.621978911192112;97.58185641333735;2.5694979808809273;73.04295366795367;2.3777437214984176;79.52473794549266;10.366544930969791;78.77009995654063;4.331725037385834;95.12578616352204;6.3307943394271415;78.0;2.7110883423451932;94.3641975308642;1.9179659022661877;72.9;2.547547840571399;82.0;6.15399592984816
4;60.434782608695656;10.70183193805105;99.7282608695652;0.501062198765917;84.96350364963503;1.8168520391819418;97.25443075998798;3.0052925603102287;73.04375804375803;2.566853307495609;79.38047848070046;9.481022033932913;78.5144140228886;4.256631134361293;95.1153039832285;7.822431952915056;77.7;2.7495454169735023;95.4753086419753;1.9161770512385712;72.6;2.416609194718917;83.39506172839506;6.696833894440281
5;62.60869565217389;11.177038170088723;100.0;0.0;85.42579075425792;2.03115660958057;98.17062180835086;1.7034260809522699;73.3140283140283;2.1847243700229813;81.97762979405597;11.46062566508394;77.75170215848182;4.344688361969326;97.74633123689726;5.818743161226439;77.3;3.6687872655688265;96.38271604938271;1.5813075144531386;72.7;2.238302928559942;84.4567901234568;6.08316342911226
